material,type,publish
ABB,Black,2014
ABH,Black,2014
AMB,Black,2014
AMH,Black,2014
APB,Black,2014
APH,Black,2014
ARB,Black,2014
ARH,Black,2014
BlackConstructPaper,Black,2014
BlackDuctTape,Black,2014
BlackElecTape,Black,2014
BlackFelt,Black,2014
BlackFoamBoard,Black,2014
BlackVelcro,Black,2014
CBB,Black,2014
CBH,Black,2014
CMB,Black,2014
CMH,Black,2014
CPB,Black,2014
CPH,Black,2014
DryEraseCardBoard,Black,2014
Flock55,Black,2014
Flock65,Black,2014
FractalBlack,Black,2014
IMN,Black,2014
IPN,Black,2014
IPNThin,Black,2014
IRN,Black,2014
IRNThin,Black,2014
MetalVelvet,Black,2014
PermMarkCardBoard,Black,2014
RhodesLP,Black,2014
Rustoleum,Black,2014
SMN,Black,2014
Soric,Black,2014
SPN,Black,2014
SprayPaint,Black,2014
SRN,Black,2014
SRS05,Black,2014
Valspar,Black,2014
P09,Black,2018
P06,Black,2018
P19,Black,2018
P21,Black,2018
F07,Black,2018
T01-1,Black,2018
T01-2,Black,2018
